<?xml version="1.0" encoding="utf-8"?>
<edmx:Edmx Version="4.0" xmlns:edmx="http://docs.oasis-open.org/odata/ns/edmx">
    <edmx:DataServices>
        <Schema Namespace="URLTest3Service" xmlns="http://docs.oasis-open.org/odata/ns/edm">
            <EntityContainer Name="EntityContainer">
                <EntitySet Name="Contacts" EntityType="URLTest3Service.Contacts"/>
            </EntityContainer>
            <EntityType Name="Contacts">
                <Key>
                    <PropertyRef Name="ContactUUID"/>
                </Key>
                <Property Name="ContactUUID" Type="Edm.Guid" Nullable="false"/>
                <Property Name="IdentityIsRemoved" Type="Edm.Boolean"/>
                <Property Name="BirthDate" Type="Edm.DateTimeOffset"/>
                <Property Name="IsMarkedForDeletion" Type="Edm.Boolean"/>
                <Property Name="IsConsumer" Type="Edm.Boolean"/>
                <Property Name="IsContactPerson" Type="Edm.Boolean"/>
                <Property Name="Latitude" Type="Edm.Decimal" Scale="10" Precision="20"/>
                <Property Name="LastChangeDateTime" Type="Edm.DateTimeOffset" Precision="7"/>
                <Property Name="InteractionContactImageURL" Type="Edm.String" MaxLength="1000"/>
                <Property Name="LastChangedByUser" Type="Edm.String" MaxLength="12"/>
                <Property Name="Longitude" Type="Edm.Decimal" Scale="10" Precision="20"/>
                <Property Name="CreationDateTime" Type="Edm.DateTimeOffset" Precision="7"/>
                <Property Name="CreatedByUser" Type="Edm.String" MaxLength="12"/>
                <Property Name="SpatialReferenceSystem" Type="Edm.String" MaxLength="10"/>
                <Property Name="CorporateAccountUUID" Type="Edm.Guid"/>
                <Property Name="IsMainContact" Type="Edm.Boolean"/>
                <Property Name="FullName" Type="Edm.String" MaxLength="80"/>
                <Property Name="FirstName" Type="Edm.String" MaxLength="40"/>
                <Property Name="LastName" Type="Edm.String" MaxLength="40"/>
                <Property Name="Department" Type="Edm.String" MaxLength="4"/>
                <Property Name="DepartmentName" Type="Edm.String" MaxLength="40"/>
                <Property Name="Function" Type="Edm.String" MaxLength="4"/>
                <Property Name="ContactFunctionName" Type="Edm.String" MaxLength="40"/>
                <Property Name="MaritalStatus" Type="Edm.String" MaxLength="1"/>
                <Property Name="MaritalStatusName" Type="Edm.String" MaxLength="20"/>
                <Property Name="CityName" Type="Edm.String" MaxLength="40"/>
                <Property Name="StreetName" Type="Edm.String" MaxLength="60"/>
                <Property Name="AddressHouseNumber" Type="Edm.String" MaxLength="10"/>
                <Property Name="Language" Type="Edm.String" MaxLength="2"/>
                <Property Name="LanguageName" Type="Edm.String" MaxLength="16"/>
                <Property Name="EmailAddress" Type="Edm.String" MaxLength="241"/>
                <Property Name="PhoneNumber" Type="Edm.String" MaxLength="30"/>
                <Property Name="MobileNumber" Type="Edm.String" MaxLength="30"/>
                <Property Name="FaxNumber" Type="Edm.String" MaxLength="30"/>
                <Property Name="HasMktgPermissionForDirectMail" Type="Edm.String" MaxLength="1"/>
                <Property Name="Country" Type="Edm.String" MaxLength="3"/>
                <Property Name="CountryName" Type="Edm.String" MaxLength="50"/>
                <Property Name="AddressRegion" Type="Edm.String" MaxLength="3"/>
                <Property Name="RegionName" Type="Edm.String" MaxLength="40"/>
                <Property Name="GenderCode" Type="Edm.String" MaxLength="1"/>
                <Property Name="GenderCodeName" Type="Edm.String" MaxLength="40"/>
                <Property Name="ContactPostalCode" Type="Edm.String" MaxLength="10"/>
                <Property Name="FormOfAddress" Type="Edm.String" MaxLength="4"/>
                <Property Name="FormOfAddressName" Type="Edm.String" MaxLength="30"/>
                <Property Name="WebsiteURL" Type="Edm.String" MaxLength="1000"/>
                <Property Name="ValidationStatus" Type="Edm.String" MaxLength="2"/>
                <Property Name="ValidationStatusName" Type="Edm.String" MaxLength="20"/>
                <Property Name="Industry" Type="Edm.String" MaxLength="4"/>
                <Property Name="IndustryName" Type="Edm.String" MaxLength="40"/>
                <Property Name="CorporateAccountName" Type="Edm.String" MaxLength="40"/>
            </EntityType>
        </Schema>
    </edmx:DataServices>
</edmx:Edmx>