{
  "localService/metadata.xml": 1673246775644,
  "manifest.json": 1673246886556,
  "xs-app.json": 1673246886556,
  "test/integration/pages/ContactsObjectPage.js": 1673246775728,
  "test/integration/pages/ContactsList.js": 1673246775728,
  "test/integration/opaTests.qunit.js": 1673246775656,
  "test/integration/FirstJourney.js": 1673246775728,
  "test/testsuite.qunit.js": 1673246775648,
  "Component.js": 1673246775632,
  "manifest-bundle.zip": 1673246896892,
  "Component-preload.js": 1673246897055,
  "test/integration/opaTests.qunit-dbg.js": 1673246775656,
  "test/integration/pages/ContactsList-dbg.js": 1673246775728,
  "test/integration/pages/ContactsObjectPage-dbg.js": 1673246775728,
  "test/integration/FirstJourney-dbg.js": 1673246775728,
  "test/testsuite.qunit-dbg.js": 1673246775648,
  "Component-dbg.js": 1673246775632,
  "test/integration/opaTests.qunit.html": 1673246775652,
  "test/testsuite.qunit.html": 1673246775644,
  "test/flpSandbox.html": 1673246775644,
  "i18n/i18n.properties": 1673246839108,
  "annotations/annotation.xml": 1673246775644,
  "index.html": 1673246775632
}